iops,flops,bytes_read,bytes_write,function,cycles,DIRECTION_SIZE,NX,NY,NZ,TIMESTEPS,bytes
1088,312,868,256,Momentum Baseline,6938.78,9,2,2,2,20,
1088,312,868,256,Momentum - Structs Bl,6852.93,9,2,2,2,20,
1088,312,868,256,Momentum - Arrays Bl,8543.02,9,2,2,2,20,
1656,2090,1012,576,Collision Baseline,25513.1,9,2,2,2,20,
1656,2090,1012,576,Collision - Structs Bl,25646.4,9,2,2,2,20,
1656,2090,1012,576,Collision - Arrays Bl,24563,9,2,2,2,20,
2304,0,1260,576,Stream Periodic Baseline,41093.3,9,2,2,2,20,
2304,0,1260,576,Stream Periodic - Structs Bl,41065.5,9,2,2,2,20,
2304,0,1260,576,Stream Periodic - Arrays Bl,42941.1,9,2,2,2,20,
3168,60,1368,576,Stream Couette Baseline,31603.7,9,2,2,2,20,
3168,60,1368,576,Stream Couette - Structs Bl,31887,9,2,2,2,20,
3168,60,1368,576,Stream Couette - Arrays Bl,33061.9,9,2,2,2,20,
3565,2800,1588,576,Stream Lees Edwards Baseline,93102.3,9,2,2,2,20,
3565,2800,1588,576,Stream Lees Edwards - Structs Bl,95233.2,9,2,2,2,20,
3565,2800,1588,576,Stream Lees Edwards - Arrays Bl,91231.5,9,2,2,2,20,
6309,5202,3468,1408,LBM Baseline,125836,9,2,2,2,20,
6309,5202,3468,1408,LBM - Structs Bl,129966,9,2,2,2,20,
6309,5202,3468,1408,LBM - Arrays Bl,122770,9,2,2,2,20,
1760,504,1276,256,Momentum Baseline,10273.5,15,2,2,2,20,
1760,504,1276,256,Momentum - Structs Bl,10322.2,15,2,2,2,20,
1760,504,1276,256,Momentum - Arrays Bl,10231,15,2,2,2,20,
2760,3482,1516,960,Collision Baseline,38030.9,15,2,2,2,20,
2760,3482,1516,960,Collision - Structs Bl,38586.5,15,2,2,2,20,
2760,3482,1516,960,Collision - Arrays Bl,33500.8,15,2,2,2,20,
3840,0,2100,960,Stream Periodic Baseline,67636.5,15,2,2,2,20,
3840,0,2100,960,Stream Periodic - Structs Bl,67926.7,15,2,2,2,20,
3840,0,2100,960,Stream Periodic - Arrays Bl,70616.4,15,2,2,2,20,
5280,100,2280,960,Stream Couette Baseline,51819.9,15,2,2,2,20,
5280,100,2280,960,Stream Couette - Structs Bl,51789.1,15,2,2,2,20,
5280,100,2280,960,Stream Couette - Arrays Bl,52716.5,15,2,2,2,20,
5941,4664,2476,960,Stream Lees Edwards Baseline,152364,15,2,2,2,20,
5941,4664,2476,960,Stream Lees Edwards - Structs Bl,153252,15,2,2,2,20,
5941,4664,2476,960,Stream Lees Edwards - Arrays Bl,147032,15,2,2,2,20,
10461,8650,5268,2176,LBM Baseline,204922,15,2,2,2,20,
10461,8650,5268,2176,LBM - Structs Bl,204863,15,2,2,2,20,
10461,8650,5268,2176,LBM - Arrays Bl,195288,15,2,2,2,20,
3104,888,2092,256,Momentum Baseline,19197.1,27,2,2,2,20,
3104,888,2092,256,Momentum - Structs Bl,19139.7,27,2,2,2,20,
3104,888,2092,256,Momentum - Arrays Bl,18957,27,2,2,2,20,
4968,6266,2524,1728,Collision Baseline,48903.2,27,2,2,2,20,
4968,6266,2524,1728,Collision - Structs Bl,48533.4,27,2,2,2,20,
4968,6266,2524,1728,Collision - Arrays Bl,46709,27,2,2,2,20,
6912,0,3780,1728,Stream Periodic Baseline,120322,27,2,2,2,20,
6912,0,3780,1728,Stream Periodic - Structs Bl,120285,27,2,2,2,20,
6912,0,3780,1728,Stream Periodic - Arrays Bl,141515,27,2,2,2,20,
9504,180,4104,1728,Stream Couette Baseline,112409,27,2,2,2,20,
9504,180,4104,1728,Stream Couette - Structs Bl,138501,27,2,2,2,20,
9504,180,4104,1728,Stream Couette - Arrays Bl,95171.3,27,2,2,2,20,
10693,8392,4252,1728,Stream Lees Edwards Baseline,278467,27,2,2,2,20,
10693,8392,4252,1728,Stream Lees Edwards - Structs Bl,298418,27,2,2,2,20,
10693,8392,4252,1728,Stream Lees Edwards - Arrays Bl,285652,27,2,2,2,20,
18765,15546,8868,3712,LBM Baseline,395348,27,2,2,2,20,
18765,15546,8868,3712,LBM - Structs Bl,347720,27,2,2,2,20,
18765,15546,8868,3712,LBM - Arrays Bl,379690,27,2,2,2,20,
8704,2496,6692,2048,Momentum Baseline,62672.3,9,4,4,4,20,
8704,2496,6692,2048,Momentum - Structs Bl,57250.4,9,4,4,4,20,
8704,2496,6692,2048,Momentum - Arrays Bl,56282.3,9,4,4,4,20,
13248,16706,6836,4608,Collision Baseline,266840,9,4,4,4,20,
13248,16706,6836,4608,Collision - Structs Bl,212178,9,4,4,4,20,
13248,16706,6836,4608,Collision - Arrays Bl,184883,9,4,4,4,20,
18432,0,9324,4608,Stream Periodic Baseline,355378,9,4,4,4,20,
18432,0,9324,4608,Stream Periodic - Structs Bl,445082,9,4,4,4,20,
18432,0,9324,4608,Stream Periodic - Arrays Bl,364479,9,4,4,4,20,
23904,240,9432,4608,Stream Couette Baseline,308877,9,4,4,4,20,
23904,240,9432,4608,Stream Couette - Structs Bl,372407,9,4,4,4,20,
23904,240,9432,4608,Stream Couette - Arrays Bl,317383,9,4,4,4,20,
23473,11188,11444,4608,Stream Lees Edwards Baseline,843924,9,4,4,4,20,
23473,11188,11444,4608,Stream Lees Edwards - Structs Bl,601582,9,4,4,4,20,
23473,11188,11444,4608,Stream Lees Edwards - Arrays Bl,548600,9,4,4,4,20,
45425,30390,24972,11264,LBM Baseline,818241,9,4,4,4,20,
45425,30390,24972,11264,LBM - Structs Bl,823933,9,4,4,4,20,
45425,30390,24972,11264,LBM - Arrays Bl,824881,9,4,4,4,20,
14080,4032,9788,2048,Momentum Baseline,78731.9,15,4,4,4,20,
14080,4032,9788,2048,Momentum - Structs Bl,78125.9,15,4,4,4,20,
14080,4032,9788,2048,Momentum - Arrays Bl,76524.1,15,4,4,4,20,
22080,27842,10028,7680,Collision Baseline,285360,15,4,4,4,20,
22080,27842,10028,7680,Collision - Structs Bl,285386,15,4,4,4,20,
22080,27842,10028,7680,Collision - Arrays Bl,249487,15,4,4,4,20,
30720,0,15540,7680,Stream Periodic Baseline,537169,15,4,4,4,20,
30720,0,15540,7680,Stream Periodic - Structs Bl,535776,15,4,4,4,20,
30720,0,15540,7680,Stream Periodic - Arrays Bl,554289,15,4,4,4,20,
39840,400,15720,7680,Stream Couette Baseline,482251,15,4,4,4,20,
39840,400,15720,7680,Stream Couette - Structs Bl,481097,15,4,4,4,20,
39840,400,15720,7680,Stream Couette - Arrays Bl,480745,15,4,4,4,20,
39121,18644,17708,7680,Stream Lees Edwards Baseline,951873,15,4,4,4,20,
39121,18644,17708,7680,Stream Lees Edwards - Structs Bl,949744,15,4,4,4,20,
39121,18644,17708,7680,Stream Lees Edwards - Arrays Bl,884595,15,4,4,4,20,
75281,50518,37524,17408,LBM Baseline,1.33715e+06,15,4,4,4,20,
75281,50518,37524,17408,LBM - Structs Bl,1.32747e+06,15,4,4,4,20,
75281,50518,37524,17408,LBM - Arrays Bl,1.48816e+06,15,4,4,4,20,
24832,7104,15980,2048,Momentum Baseline,153915,27,4,4,4,20,
24832,7104,15980,2048,Momentum - Structs Bl,166016,27,4,4,4,20,
24832,7104,15980,2048,Momentum - Arrays Bl,155126,27,4,4,4,20,
39744,50114,16412,13824,Collision Baseline,374494,27,4,4,4,20,
39744,50114,16412,13824,Collision - Structs Bl,381420,27,4,4,4,20,
39744,50114,16412,13824,Collision - Arrays Bl,548295,27,4,4,4,20,
55296,0,27972,13824,Stream Periodic Baseline,1.0189e+06,27,4,4,4,20,
55296,0,27972,13824,Stream Periodic - Structs Bl,1.0911e+06,27,4,4,4,20,
55296,0,27972,13824,Stream Periodic - Arrays Bl,1.17562e+06,27,4,4,4,20,
71712,720,28296,13824,Stream Couette Baseline,1.10864e+06,27,4,4,4,20,
71712,720,28296,13824,Stream Couette - Structs Bl,862029,27,4,4,4,20,
71712,720,28296,13824,Stream Couette - Arrays Bl,968573,27,4,4,4,20,
70417,33556,30236,13824,Stream Lees Edwards Baseline,1.82824e+06,27,4,4,4,20,
70417,33556,30236,13824,Stream Lees Edwards - Structs Bl,1.84819e+06,27,4,4,4,20,
70417,33556,30236,13824,Stream Lees Edwards - Arrays Bl,2.28218e+06,27,4,4,4,20,
134993,90774,62628,29696,LBM Baseline,2.21962e+06,27,4,4,4,20,
134993,90774,62628,29696,LBM - Structs Bl,2.20537e+06,27,4,4,4,20,
134993,90774,62628,29696,LBM - Arrays Bl,2.13147e+06,27,4,4,4,20,
69632,19968,53284,16384,Momentum Baseline,469829,9,8,8,8,20,
69632,19968,53284,16384,Momentum - Structs Bl,818814,9,8,8,8,20,
69632,19968,53284,16384,Momentum - Arrays Bl,419383,9,8,8,8,20,
105984,133634,53428,36864,Collision Baseline,1.57123e+06,9,8,8,8,20,
105984,133634,53428,36864,Collision - Structs Bl,1.84166e+06,9,8,8,8,20,
105984,133634,53428,36864,Collision - Arrays Bl,1.48048e+06,9,8,8,8,20,
147456,0,73836,36864,Stream Periodic Baseline,3.04789e+06,9,8,8,8,20,
147456,0,73836,36864,Stream Periodic - Structs Bl,3.03476e+06,9,8,8,8,20,
147456,0,73836,36864,Stream Periodic - Arrays Bl,3.02977e+06,9,8,8,8,20,
185472,960,73944,36864,Stream Couette Baseline,2.6275e+06,9,8,8,8,20,
185472,960,73944,36864,Stream Couette - Structs Bl,2.53185e+06,9,8,8,8,20,
185472,960,73944,36864,Stream Couette - Arrays Bl,2.6052e+06,9,8,8,8,20,
167617,44740,90292,36864,Stream Lees Edwards Baseline,4.67946e+06,9,8,8,8,20,
167617,44740,90292,36864,Stream Lees Edwards - Structs Bl,5.89379e+06,9,8,8,8,20,
167617,44740,90292,36864,Stream Lees Edwards - Arrays Bl,3.80045e+06,9,8,8,8,20,
343233,198342,197004,90112,LBM Baseline,6.02988e+06,9,8,8,8,20,
343233,198342,197004,90112,LBM - Structs Bl,6.54883e+06,9,8,8,8,20,
343233,198342,197004,90112,LBM - Arrays Bl,7.1692e+06,9,8,8,8,20,
112640,32256,77884,16384,Momentum Baseline,1.09471e+06,15,8,8,8,20,
112640,32256,77884,16384,Momentum - Structs Bl,710704,15,8,8,8,20,
112640,32256,77884,16384,Momentum - Arrays Bl,683858,15,8,8,8,20,
176640,222722,78124,61440,Collision Baseline,3.00931e+06,15,8,8,8,20,
176640,222722,78124,61440,Collision - Structs Bl,2.992e+06,15,8,8,8,20,
176640,222722,78124,61440,Collision - Arrays Bl,2.75621e+06,15,8,8,8,20,
245760,0,123060,61440,Stream Periodic Baseline,4.88293e+06,15,8,8,8,20,
245760,0,123060,61440,Stream Periodic - Structs Bl,5.76478e+06,15,8,8,8,20,
245760,0,123060,61440,Stream Periodic - Arrays Bl,6.15402e+06,15,8,8,8,20,
309120,1600,123240,61440,Stream Couette Baseline,5.7882e+06,15,8,8,8,20,
309120,1600,123240,61440,Stream Couette - Structs Bl,4.64496e+06,15,8,8,8,20,
309120,1600,123240,61440,Stream Couette - Arrays Bl,4.12354e+06,15,8,8,8,20,
279361,74564,139564,61440,Stream Lees Edwards Baseline,9.42743e+06,15,8,8,8,20,
279361,74564,139564,61440,Stream Lees Edwards - Structs Bl,6.71935e+06,15,8,8,8,20,
279361,74564,139564,61440,Stream Lees Edwards - Arrays Bl,6.28328e+06,15,8,8,8,20,
568641,329542,295572,139264,LBM Baseline,1.12119e+07,15,8,8,8,20,
568641,329542,295572,139264,LBM - Structs Bl,1.0162e+07,15,8,8,8,20,
568641,329542,295572,139264,LBM - Arrays Bl,9.60236e+06,15,8,8,8,20,
198656,56832,127084,16384,Momentum Baseline,1.40359e+06,27,8,8,8,20,
198656,56832,127084,16384,Momentum - Structs Bl,1.74374e+06,27,8,8,8,20,
198656,56832,127084,16384,Momentum - Arrays Bl,1.74246e+06,27,8,8,8,20,
317952,400898,127516,110592,Collision Baseline,5.02727e+06,27,8,8,8,20,
317952,400898,127516,110592,Collision - Structs Bl,6.44344e+06,27,8,8,8,20,
317952,400898,127516,110592,Collision - Arrays Bl,4.1373e+06,27,8,8,8,20,
442368,0,221508,110592,Stream Periodic Baseline,8.07514e+06,27,8,8,8,20,
442368,0,221508,110592,Stream Periodic - Structs Bl,7.97711e+06,27,8,8,8,20,
442368,0,221508,110592,Stream Periodic - Arrays Bl,9.15839e+06,27,8,8,8,20,
556416,2880,221832,110592,Stream Couette Baseline,1.14411e+07,27,8,8,8,20,
556416,2880,221832,110592,Stream Couette - Structs Bl,8.50136e+06,27,8,8,8,20,
556416,2880,221832,110592,Stream Couette - Arrays Bl,7.65053e+06,27,8,8,8,20,
502849,134212,238108,110592,Stream Lees Edwards Baseline,1.1963e+07,27,8,8,8,20,
502849,134212,238108,110592,Stream Lees Edwards - Structs Bl,1.17817e+07,27,8,8,8,20,
502849,134212,238108,110592,Stream Lees Edwards - Arrays Bl,1.10032e+07,27,8,8,8,20,
1019457,591942,492708,237568,LBM Baseline,1.70629e+07,27,8,8,8,20,
1019457,591942,492708,237568,LBM - Structs Bl,1.71568e+07,27,8,8,8,20,
1019457,591942,492708,237568,LBM - Arrays Bl,1.6434e+07,27,8,8,8,20,
557056,159744,426020,131072,Momentum Baseline,5.72817e+06,9,16,16,16,20,
557056,159744,426020,131072,Momentum - Structs Bl,1.12725e+07,9,16,16,16,20,
557056,159744,426020,131072,Momentum - Arrays Bl,5.28621e+06,9,16,16,16,20,
847872,1069058,426164,294912,Collision Baseline,1.72312e+07,9,16,16,16,20,
847872,1069058,426164,294912,Collision - Structs Bl,1.7084e+07,9,16,16,16,20,
847872,1069058,426164,294912,Collision - Arrays Bl,1.66353e+07,9,16,16,16,20,
1179648,0,589932,294912,Stream Periodic Baseline,2.19913e+07,9,16,16,16,20,
1179648,0,589932,294912,Stream Periodic - Structs Bl,2.48961e+07,9,16,16,16,20,
1179648,0,589932,294912,Stream Periodic - Arrays Bl,2.60678e+07,9,16,16,16,20,
1460736,3840,590040,294912,Stream Couette Baseline,2.61712e+07,9,16,16,16,20,
1460736,3840,590040,294912,Stream Couette - Structs Bl,3.44901e+07,9,16,16,16,20,
1460736,3840,590040,294912,Stream Couette - Arrays Bl,2.69206e+07,9,16,16,16,20,
1260289,178948,721076,294912,Stream Lees Edwards Baseline,3.40693e+07,9,16,16,16,20,
1260289,178948,721076,294912,Stream Lees Edwards - Structs Bl,3.21027e+07,9,16,16,16,20,
1260289,178948,721076,294912,Stream Lees Edwards - Arrays Bl,4.09455e+07,9,16,16,16,20,
2665217,1407750,1573260,720896,LBM Baseline,5.84615e+07,9,16,16,16,20,
2665217,1407750,1573260,720896,LBM - Structs Bl,5.91679e+07,9,16,16,16,20,
2665217,1407750,1573260,720896,LBM - Arrays Bl,5.4369e+07,9,16,16,16,20,
901120,258048,622652,131072,Momentum Baseline,1.04458e+07,15,16,16,16,20,
901120,258048,622652,131072,Momentum - Structs Bl,1.07982e+07,15,16,16,16,20,
901120,258048,622652,131072,Momentum - Arrays Bl,1.05713e+07,15,16,16,16,20,
1413120,1781762,622892,491520,Collision Baseline,4.22902e+07,15,16,16,16,20,
1413120,1781762,622892,491520,Collision - Structs Bl,3.72365e+07,15,16,16,16,20,
1413120,1781762,622892,491520,Collision - Arrays Bl,3.49483e+07,15,16,16,16,20,
1966080,0,983220,491520,Stream Periodic Baseline,4.74819e+07,15,16,16,16,20,
1966080,0,983220,491520,Stream Periodic - Structs Bl,4.44374e+07,15,16,16,16,20,
1966080,0,983220,491520,Stream Periodic - Arrays Bl,4.99221e+07,15,16,16,16,20,
2434560,6400,983400,491520,Stream Couette Baseline,8.57514e+07,15,16,16,16,20,
2434560,6400,983400,491520,Stream Couette - Structs Bl,3.90237e+07,15,16,16,16,20,
2434560,6400,983400,491520,Stream Couette - Arrays Bl,5.16496e+07,15,16,16,16,20,
2100481,298244,1114412,491520,Stream Lees Edwards Baseline,6.20941e+07,15,16,16,16,20,
2100481,298244,1114412,491520,Stream Lees Edwards - Structs Bl,5.76193e+07,15,16,16,16,20,
2100481,298244,1114412,491520,Stream Lees Edwards - Arrays Bl,7.06916e+07,15,16,16,16,20,
4414721,2338054,2359956,1114112,LBM Baseline,1.06048e+08,15,16,16,16,20,
4414721,2338054,2359956,1114112,LBM - Structs Bl,1.15367e+08,15,16,16,16,20,
4414721,2338054,2359956,1114112,LBM - Arrays Bl,1.11692e+08,15,16,16,16,20,
1589248,454656,1015916,131072,Momentum Baseline,1.86011e+07,27,16,16,16,20,
1589248,454656,1015916,131072,Momentum - Structs Bl,1.89085e+07,27,16,16,16,20,
1589248,454656,1015916,131072,Momentum - Arrays Bl,2.08991e+07,27,16,16,16,20,
2543616,3207170,1016348,884736,Collision Baseline,5.48138e+07,27,16,16,16,20,
2543616,3207170,1016348,884736,Collision - Structs Bl,4.90515e+07,27,16,16,16,20,
2543616,3207170,1016348,884736,Collision - Arrays Bl,7.66604e+07,27,16,16,16,20,
3538944,0,1769796,884736,Stream Periodic Baseline,1.91427e+08,27,16,16,16,20,
3538944,0,1769796,884736,Stream Periodic - Structs Bl,1.18278e+08,27,16,16,16,20,
3538944,0,1769796,884736,Stream Periodic - Arrays Bl,8.26208e+07,27,16,16,16,20,
4382208,11520,1770120,884736,Stream Couette Baseline,7.95728e+07,27,16,16,16,20,
4382208,11520,1770120,884736,Stream Couette - Structs Bl,7.90771e+07,27,16,16,16,20,
4382208,11520,1770120,884736,Stream Couette - Arrays Bl,8.20933e+07,27,16,16,16,20,
3780865,536836,1901084,884736,Stream Lees Edwards Baseline,1.01793e+08,27,16,16,16,20,
3780865,536836,1901084,884736,Stream Lees Edwards - Structs Bl,1.06636e+08,27,16,16,16,20,
3780865,536836,1901084,884736,Stream Lees Edwards - Arrays Bl,1.20361e+08,27,16,16,16,20,
7913729,4198662,3933348,1900544,LBM Baseline,2.21789e+08,27,16,16,16,20,
7913729,4198662,3933348,1900544,LBM - Structs Bl,1.90182e+08,27,16,16,16,20,
7913729,4198662,3933348,1900544,LBM - Arrays Bl,2.041e+08,27,16,16,16,20,
4456448,1277952,3407908,1048576,Momentum Baseline,1.60971e+08,9,32,32,32,20,
4456448,1277952,3407908,1048576,Momentum - Structs Bl,2.11625e+08,9,32,32,32,20,
4456448,1277952,3407908,1048576,Momentum - Arrays Bl,8.73712e+07,9,32,32,32,20,
6782976,8552450,3408052,2359296,Collision Baseline,5.01686e+08,9,32,32,32,20,
6782976,8552450,3408052,2359296,Collision - Structs Bl,4.99587e+08,9,32,32,32,20,
6782976,8552450,3408052,2359296,Collision - Arrays Bl,4.50562e+08,9,32,32,32,20,
9437184,0,4718700,2359296,Stream Periodic Baseline,5.74475e+08,9,32,32,32,20,
9437184,0,4718700,2359296,Stream Periodic - Structs Bl,4.78292e+08,9,32,32,32,20,
9437184,0,4718700,2359296,Stream Periodic - Arrays Bl,7.1951e+08,9,32,32,32,20,
11593728,15360,4718808,2359296,Stream Couette Baseline,4.88971e+08,9,32,32,32,20,
11593728,15360,4718808,2359296,Stream Couette - Structs Bl,4.81443e+08,9,32,32,32,20,
11593728,15360,4718808,2359296,Stream Couette - Arrays Bl,4.81081e+08,9,32,32,32,20,
9759745,715780,5767348,2359296,Stream Lees Edwards Baseline,5.27143e+08,9,32,32,32,20,
9759745,715780,5767348,2359296,Stream Lees Edwards - Structs Bl,5.75089e+08,9,32,32,32,20,
9759745,715780,5767348,2359296,Stream Lees Edwards - Arrays Bl,5.29858e+08,9,32,32,32,20,
20999169,10546182,12583308,5767168,LBM Baseline,1.05758e+09,9,32,32,32,20,
20999169,10546182,12583308,5767168,LBM - Structs Bl,1.19631e+09,9,32,32,32,20,
20999169,10546182,12583308,5767168,LBM - Arrays Bl,1.01891e+09,9,32,32,32,20,
7208960,2064384,4980796,1048576,Momentum Baseline,4.33952e+08,15,32,32,32,20,
7208960,2064384,4980796,1048576,Momentum - Structs Bl,2.58491e+08,15,32,32,32,20,
7208960,2064384,4980796,1048576,Momentum - Arrays Bl,2.53131e+08,15,32,32,32,20,
11304960,14254082,4981036,3932160,Collision Baseline,1.15341e+09,15,32,32,32,20,
11304960,14254082,4981036,3932160,Collision - Structs Bl,8.50602e+08,15,32,32,32,20,
11304960,14254082,4981036,3932160,Collision - Arrays Bl,9.9174e+08,15,32,32,32,20,
15728640,0,7864500,3932160,Stream Periodic Baseline,1.21422e+09,15,32,32,32,20,
15728640,0,7864500,3932160,Stream Periodic - Structs Bl,1.33687e+09,15,32,32,32,20,
15728640,0,7864500,3932160,Stream Periodic - Arrays Bl,1.01689e+09,15,32,32,32,20,
19322880,25600,7864680,3932160,Stream Couette Baseline,1.40078e+09,15,32,32,32,20,
19322880,25600,7864680,3932160,Stream Couette - Structs Bl,1.35285e+09,15,32,32,32,20,
19322880,25600,7864680,3932160,Stream Couette - Arrays Bl,1.5434e+09,15,32,32,32,20,
16266241,1192964,8913196,3932160,Stream Lees Edwards Baseline,1.42867e+09,15,32,32,32,20,
16266241,1192964,8913196,3932160,Stream Lees Edwards - Structs Bl,1.66164e+09,15,32,32,32,20,
16266241,1192964,8913196,3932160,Stream Lees Edwards - Arrays Bl,1.48978e+09,15,32,32,32,20,
34780161,17511430,18875028,8912896,LBM Baseline,2.85151e+09,15,32,32,32,20,
34780161,17511430,18875028,8912896,LBM - Structs Bl,3.12855e+09,15,32,32,32,20,
34780161,17511430,18875028,8912896,LBM - Arrays Bl,2.38785e+09,15,32,32,32,20,
12713984,3637248,8126572,1048576,Momentum Baseline,6.4447e+08,27,32,32,32,20,
12713984,3637248,8126572,1048576,Momentum - Structs Bl,6.45663e+08,27,32,32,32,20,
12713984,3637248,8126572,1048576,Momentum - Arrays Bl,6.44252e+08,27,32,32,32,20,
20348928,25657346,8127004,7077888,Collision Baseline,1.55052e+09,27,32,32,32,20,
20348928,25657346,8127004,7077888,Collision - Structs Bl,1.55427e+09,27,32,32,32,20,
20348928,25657346,8127004,7077888,Collision - Arrays Bl,1.61782e+09,27,32,32,32,20,
28311552,0,14156100,7077888,Stream Periodic Baseline,2.57796e+09,27,32,32,32,20,
28311552,0,14156100,7077888,Stream Periodic - Structs Bl,2.48421e+09,27,32,32,32,20,
28311552,0,14156100,7077888,Stream Periodic - Arrays Bl,2.46046e+09,27,32,32,32,20,
34781184,46080,14156424,7077888,Stream Couette Baseline,2.29012e+09,27,32,32,32,20,
34781184,46080,14156424,7077888,Stream Couette - Structs Bl,2.8029e+09,27,32,32,32,20,
34781184,46080,14156424,7077888,Stream Couette - Arrays Bl,2.405e+09,27,32,32,32,20,
29279233,2147332,15204892,7077888,Stream Lees Edwards Baseline,2.45003e+09,27,32,32,32,20,
29279233,2147332,15204892,7077888,Stream Lees Edwards - Structs Bl,2.4255e+09,27,32,32,32,20,
29279233,2147332,15204892,7077888,Stream Lees Edwards - Arrays Bl,2.77792e+09,27,32,32,32,20,
62342145,31441926,31458468,15204352,LBM Baseline,4.17715e+09,27,32,32,32,20,
62342145,31441926,31458468,15204352,LBM - Structs Bl,4.17073e+09,27,32,32,32,20,
62342145,31441926,31458468,15204352,LBM - Arrays Bl,4.19127e+09,27,32,32,32,20,
35651584,10223616,27263012,8388608,Momentum Baseline,1.9334e+09,9,64,64,64,20,
35651584,10223616,27263012,8388608,Momentum - Structs Bl,1.92808e+09,9,64,64,64,20,
35651584,10223616,27263012,8388608,Momentum - Arrays Bl,1.91017e+09,9,64,64,64,20,
54263808,68419586,27263156,18874368,Collision Baseline,4.95083e+09,9,64,64,64,20,
54263808,68419586,27263156,18874368,Collision - Structs Bl,4.94263e+09,9,64,64,64,20,
54263808,68419586,27263156,18874368,Collision - Arrays Bl,4.96239e+09,9,64,64,64,20,
75497472,0,37748844,18874368,Stream Periodic Baseline,4.81669e+09,9,64,64,64,20,
75497472,0,37748844,18874368,Stream Periodic - Structs Bl,4.80981e+09,9,64,64,64,20,
75497472,0,37748844,18874368,Stream Periodic - Arrays Bl,4.84284e+09,9,64,64,64,20,
92381184,61440,37748952,18874368,Stream Couette Baseline,5.69163e+09,9,64,64,64,20,
92381184,61440,37748952,18874368,Stream Couette - Structs Bl,5.6842e+09,9,64,64,64,20,
92381184,61440,37748952,18874368,Stream Couette - Arrays Bl,5.7691e+09,9,64,64,64,20,
76787713,2863108,46137524,18874368,Stream Lees Edwards Baseline,5.87352e+09,9,64,64,64,20,
76787713,2863108,46137524,18874368,Stream Lees Edwards - Structs Bl,5.87926e+09,9,64,64,64,20,
76787713,2863108,46137524,18874368,Stream Lees Edwards - Arrays Bl,5.95755e+09,9,64,64,64,20,
166703105,81506310,100663692,46137344,LBM Baseline,1.28309e+10,9,64,64,64,20,
166703105,81506310,100663692,46137344,LBM - Structs Bl,1.28397e+10,9,64,64,64,20,
166703105,81506310,100663692,46137344,LBM - Arrays Bl,1.2939e+10,9,64,64,64,20,
57671680,16515072,39845948,8388608,Momentum Baseline,3.13518e+09,15,64,64,64,20,
57671680,16515072,39845948,8388608,Momentum - Structs Bl,3.14196e+09,15,64,64,64,20,
57671680,16515072,39845948,8388608,Momentum - Arrays Bl,3.1191e+09,15,64,64,64,20,
90439680,114032642,39846188,31457280,Collision Baseline,8.75084e+09,15,64,64,64,20,
90439680,114032642,39846188,31457280,Collision - Structs Bl,8.7552e+09,15,64,64,64,20,
90439680,114032642,39846188,31457280,Collision - Arrays Bl,8.37237e+09,15,64,64,64,20,
125829120,0,62914740,31457280,Stream Periodic Baseline,8.52029e+09,15,64,64,64,20,
125829120,0,62914740,31457280,Stream Periodic - Structs Bl,8.51349e+09,15,64,64,64,20,
125829120,0,62914740,31457280,Stream Periodic - Arrays Bl,8.53129e+09,15,64,64,64,20,
153968640,102400,62914920,31457280,Stream Couette Baseline,1.02407e+10,15,64,64,64,20,
153968640,102400,62914920,31457280,Stream Couette - Structs Bl,1.02193e+10,15,64,64,64,20,
153968640,102400,62914920,31457280,Stream Couette - Arrays Bl,1.041e+10,15,64,64,64,20,
127979521,4771844,71303468,31457280,Stream Lees Edwards Baseline,1.04087e+10,15,64,64,64,20,
127979521,4771844,71303468,31457280,Stream Lees Edwards - Structs Bl,1.04139e+10,15,64,64,64,20,
127979521,4771844,71303468,31457280,Stream Lees Edwards - Arrays Bl,1.04687e+10,15,64,64,64,20,
276090881,135319558,150995604,71303168,LBM Baseline,2.24377e+10,15,64,64,64,20,
276090881,135319558,150995604,71303168,LBM - Structs Bl,2.24084e+10,15,64,64,64,20,
276090881,135319558,150995604,71303168,LBM - Arrays Bl,2.21341e+10,15,64,64,64,20,
101711872,29097984,65011820,8388608,Momentum Baseline,6.55693e+09,27,64,64,64,20,
101711872,29097984,65011820,8388608,Momentum - Structs Bl,6.45054e+09,27,64,64,64,20,
101711872,29097984,65011820,8388608,Momentum - Arrays Bl,6.46457e+09,27,64,64,64,20,
162791424,205258754,65012252,56623104,Collision Baseline,1.69548e+10,27,64,64,64,20,
162791424,205258754,65012252,56623104,Collision - Structs Bl,1.68779e+10,27,64,64,64,20,
162791424,205258754,65012252,56623104,Collision - Arrays Bl,1.66758e+10,27,64,64,64,20,
226492416,0,113246532,56623104,Stream Periodic Baseline,1.59238e+10,27,64,64,64,20,
226492416,0,113246532,56623104,Stream Periodic - Structs Bl,1.59057e+10,27,64,64,64,20,
226492416,0,113246532,56623104,Stream Periodic - Arrays Bl,1.60716e+10,27,64,64,64,20,
277143552,184320,113246856,56623104,Stream Couette Baseline,1.95018e+10,27,64,64,64,20,
277143552,184320,113246856,56623104,Stream Couette - Structs Bl,1.94368e+10,27,64,64,64,20,
277143552,184320,113246856,56623104,Stream Couette - Arrays Bl,1.98501e+10,27,64,64,64,20,
230363137,8589316,121635356,56623104,Stream Lees Edwards Baseline,1.96018e+10,27,64,64,64,20,
230363137,8589316,121635356,56623104,Stream Lees Edwards - Structs Bl,1.9612e+10,27,64,64,64,20,
230363137,8589316,121635356,56623104,Stream Lees Edwards - Arrays Bl,1.97537e+10,27,64,64,64,20,
494866433,242946054,251659428,121634816,LBM Baseline,4.33469e+10,27,64,64,64,20,
494866433,242946054,251659428,121634816,LBM - Structs Bl,4.33713e+10,27,64,64,64,20,
494866433,242946054,251659428,121634816,LBM - Arrays Bl,4.31799e+10,27,64,64,64,20,
